balance,gender,age,merchant_state,amount,movement
21.2,F,26,NSW,14.19,debit
275.93,M,37,NSW,24.77,debit
30583.15,F,43,VIC,12.08,debit
1625.34,F,19,NSW,11.57,debit
12529.59,F,34,SA,33.89,debit
1089.59,F,20,WA,15.91,debit
1290.08,M,22,NSW,31.62,debit
589.1,F,24,NSW,109.51,debit
2058.92,M,25,VIC,27.39,debit
29128.11,F,43,VIC,15.64,debit
538.85,F,24,VIC,50.25,debit
429.2,M,40,NSW,11.46,debit
86.3,F,30,VIC,5.29,debit
43.06,F,20,NSW,76.82,debit
186344.95,F,40,VIC,26.91,debit
6941.78,M,28,NSW,22.59,debit
6022.68,M,35,SA,19.58,debit
995.57,F,26,QLD,11.28,debit
6924.65,M,28,TAS,17.13,debit
986.58,F,26,QLD,8.99,debit
279.86,M,38,NSW,21.79,debit
1074.43,F,20,WA,15.16,debit
50671.14,M,19,WA,1692.56,debit
17.44,F,47,WA,20.87,debit
842.07,F,19,VIC,25.7,debit
344.8,F,21,VIC,20.26,debit
3047.08,F,30,NSW,70.5,debit
27898.89,M,21,VIC,24.17,debit
3130.0,M,22,NSW,28.51,debit
1948.27,M,69,VIC,20.78,debit
1789.31,M,30,QLD,22.16,debit
8144.24,M,23,SA,44.88,debit
11424.58,M,24,QLD,13.93,debit
5748.22,M,38,NSW,40.31,debit
147.58,M,35,WA,42.94,debit
185.33,M,37,QLD,15.61,debit
2451.88,M,44,VIC,9.02,debit
35174.73,M,42,VIC,30.6,debit
19.07,M,23,SA,67.89,debit
391.94,F,53,QLD,9.11,debit
283.32,M,22,VIC,7.56,debit
155.82,M,38,SA,16.04,debit
702.78,F,26,QLD,2.08,debit
843.34,F,19,VIC,166.57,debit
2266.05,F,21,VIC,7.25,debit
49.75,F,27,WA,16.4,debit
1329.27,M,37,NSW,32.52,debit
577.48,M,20,VIC,26.15,debit
2849.88,M,22,NSW,16.68,debit
501.02,F,24,QLD,14.05,debit
4131.96,M,19,WA,26.45,debit
1962.57,F,43,VIC,23.44,debit
1202.3,F,43,SA,760.27,debit
1059.66,M,37,NSW,12.38,debit
977.1,F,43,NSW,225.2,debit
5855.3,M,35,SA,21.38,debit
13556.17,F,46,SA,5.62,debit
489.18,F,24,VIC,11.84,debit
557.43,F,26,QLD,30.44,debit
538.62,F,26,QLD,7.59,debit
1376.53,F,40,QLD,44.74,debit
4381.54,M,22,NSW,75.01,debit
30318.08,M,38,NSW,16.74,debit
1480.69,F,43,NSW,26.3,debit
79.89,M,38,NSW,29.95,debit
1049.28,M,37,QLD,10.38,debit
2723.89,F,27,WA,13.99,debit
1520.95,F,19,NSW,8.63,debit
2477.96,M,22,VIC,16.4,debit
4124.62,M,19,WA,7.34,debit
1952.02,M,25,TAS,21.46,debit
2710.38,F,27,WA,11.61,debit
528.53,F,26,QLD,8.09,debit
1378.79,F,25,WA,19.35,debit
6782.79,M,39,SA,45.13,debit
1528.42,M,20,NSW,40.62,debit
50.75,M,38,NSW,18.84,debit
1476.16,F,19,NSW,17.11,debit
517.05,F,26,NSW,11.48,debit
7881.62,M,23,NSW,10.9,debit
1131.73,F,40,QLD,32.59,debit
5759.7,M,35,NSW,14.06,debit
2930.06,F,30,SA,78.16,debit
4098.0,M,22,NSW,34.83,debit
1229.64,F,20,NSW,60.79,debit
4060.53,M,22,VIC,31.89,debit
3966.54,M,22,VIC,93.99,debit
103216.89,M,42,QLD,78.15,debit
1073.65,F,40,QLD,24.15,debit
43.6,M,38,NSW,7.15,debit
28450.49,F,43,VIC,36.5,debit
2204.97,F,21,VIC,28.08,debit
5738.18,M,35,SA,21.52,debit
1909.86,M,25,VIC,5.01,debit
79.76,F,30,QLD,5.04,debit
1805.27,F,35,NSW,53.43,debit
16140.55,F,34,SA,13.39,debit
1459.35,M,20,NSW,15.19,debit
6523.89,M,28,WA,12.11,debit
445.37,F,26,NSW,9.76,debit
2524.19,M,35,NSW,29.71,debit
29969.33,M,38,NSW,17.44,debit
2430.08,M,44,VIC,21.8,debit
2063.89,F,21,VIC,92.93,debit
4120.92,M,19,TAS,18.71,debit
1701.65,M,24,VIC,18.61,debit
2636.86,F,27,WA,23.46,debit
957.37,M,37,NSW,78.97,debit
11.23,M,38,SA,18.78,debit
2596.82,F,27,WA,7.26,debit
734.9,F,43,VIC,33.26,debit
179.13,F,43,VIC,555.77,debit
2468.31,F,21,WA,20.02,debit
954.74,F,43,NSW,480.51,debit
15983.87,F,34,SA,92.75,debit
9027.66,M,28,NSW,28.56,debit
5944.75,M,26,NSW,7.54,debit
3.1,M,38,NSW,8.13,debit
917.04,F,43,VIC,18.91,debit
15915.31,F,34,NSW,68.56,debit
1767.42,M,25,QLD,9.51,debit
8990.46,M,28,WA,37.2,debit
1091.43,M,37,NSW,83.13,debit
2572.58,F,27,WA,24.24,debit
3376.37,M,52,NSW,51.95,debit
5930.29,M,26,VIC,14.46,debit
3150.43,F,34,NT,53.52,debit
4819.56,F,25,QLD,35.87,debit
2387.78,F,21,WA,19.93,debit
7170.15,M,23,NSW,25.15,debit
464.44,F,43,VIC,402.09,debit
773.08,M,28,VIC,4.09,debit
1181.79,M,31,NSW,18.31,debit
7093.67,M,23,NSW,51.79,debit
4225.89,M,19,WA,60.38,debit
2750.25,M,21,NSW,247.66,debit
57740.39,M,33,QLD,84.76,debit
1192.65,M,20,NSW,11.43,debit
1330.27,F,26,QLD,5.81,debit
57728.24,M,33,VIC,12.15,debit
18541.66,F,38,VIC,19.63,debit
18509.77,F,38,VIC,6.62,debit
1209.02,F,26,QLD,9.67,debit
467.41,F,43,VIC,9.56,debit
3084.52,F,34,NT,28.91,debit
1449.85,F,40,WA,41.46,debit
2584.43,F,35,NSW,31.96,debit
673.76,M,38,VIC,25.81,debit
4669.98,F,25,NSW,11.1,debit
2553.99,F,35,VIC,30.44,debit
2370.35,F,27,WA,8.49,debit
354.66,F,43,VIC,46.93,debit
31585.39,M,38,NSW,15.45,debit
2635.77,M,21,VIC,16.72,debit
57609.98,M,33,VIC,9.26,debit
2300.81,F,27,WA,30.15,debit
1152.27,F,26,QLD,9.15,debit
477.88,M,38,SA,10.37,debit
1685.1,M,37,QLD,15.86,debit
3121.48,F,41,VIC,31.82,debit
3549.13,F,40,NSW,17.12,debit
25486.46,F,50,VIC,32.41,debit
1190.29,F,24,QLD,18.98,debit
42360.54,M,22,VIC,38.7,debit
54127.55,M,40,NSW,78.82,debit
8949.2,M,38,VIC,29.04,debit
4832.04,M,35,QLD,43.96,debit
2976.81,F,34,NT,33.73,debit
28946.97,F,43,VIC,14.74,debit
8724.71,M,28,WA,35.91,debit
1480.56,F,18,QLD,14.09,debit
428.0,F,43,VIC,18.44,debit
402.29,F,43,NSW,25.71,debit
713.8,F,18,NSW,10.35,debit
9475.58,M,20,SA,21.65,debit
1607.19,M,37,QLD,9.66,debit
996.8,M,30,QLD,24.2,debit
2798.97,F,34,NSW,10.84,debit
973.4,M,30,QLD,23.4,debit
353.78,M,38,NSW,15.07,debit
958.16,M,30,QLD,15.24,debit
54038.19,M,40,WA,50.36,debit
949.59,M,30,NSW,8.57,debit
1492.93,M,37,VIC,105.47,debit
4091.17,F,39,NSW,26.36,debit
942.86,M,30,QLD,6.73,debit
1297.34,M,25,QLD,6.45,debit
16869.58,M,24,QLD,9.43,debit
18290.9,F,38,VIC,18.47,debit
18281.26,F,38,VIC,9.64,debit
247.25,M,38,NSW,14.73,debit
2329.94,M,20,VIC,16.33,debit
2472.46,M,21,NSW,10.01,debit
904.46,M,23,NSW,9.31,debit
2436.33,M,21,VIC,10.75,debit
5779.82,M,26,VIC,5.8,debit
805.63,M,30,NSW,92.22,debit
8887.29,M,38,VIC,21.88,debit
529.38,M,30,NSW,276.25,debit
1232.96,M,25,NSW,17.72,debit
1464.43,M,37,NSW,15.08,debit
15363.14,F,34,SA,28.85,debit
613.19,F,26,QLD,5.67,debit
589.31,F,26,QLD,12.64,debit
6107.81,M,39,VIC,31.15,debit
497.67,F,26,QLD,10.56,debit
2306.06,F,20,NSW,69.49,debit
5054.84,M,19,NSW,1.52,debit
426.55,F,26,QLD,71.12,debit
2632.12,M,69,VIC,16.56,debit
428.23,F,53,QLD,17.17,debit
2092.85,F,24,QLD,19.11,debit
2612.82,M,69,VIC,19.3,debit
1960.64,F,40,NSW,13.8,debit
7727.78,M,35,SA,19.67,debit
59342.13,M,33,SA,151.97,debit
189869.21,F,40,VIC,87.8,debit
2306.44,M,27,VIC,23.41,debit
106049.41,M,42,QLD,31.18,debit
105941.99,M,42,NSW,107.42,debit
2253.73,F,20,NSW,42.53,debit
2561.52,M,28,VIC,15.35,debit
2070.4,F,21,NT,1.71,debit
1817.37,M,23,NSW,6.41,debit
2553.93,M,28,VIC,7.59,debit
42253.28,M,22,SA,16.25,debit
1928.13,M,22,NSW,15.59,debit
1143.45,M,25,VIC,63.51,debit
4184.19,M,40,NSW,208.55,debit
4.4,F,43,VIC,8.14,debit
4162.11,M,40,NSW,22.08,debit
1424.81,F,26,QLD,7.71,debit
3294.52,F,30,NSW,23.27,debit
3512.5,F,20,NSW,10.5,debit
8244.38,M,28,VIC,45.54,debit
3159.78,F,40,SA,6.05,debit
29470.71,F,43,VIC,64.5,debit
2456.46,F,30,NSW,38.94,debit
10363.1,M,23,NSW,15.18,debit
1540.5,M,22,QLD,17.42,debit
3429.33,F,20,NSW,10.81,debit
3397.57,F,20,NSW,31.76,debit
594.03,F,24,WA,8.94,debit
30487.4,M,21,VIC,54.98,debit
2664.75,F,34,NSW,40.3,debit
3530.18,M,69,VIC,23.36,debit
4972.16,M,38,SA,30.94,debit
16654.74,M,24,QLD,11.35,debit
1901.85,M,30,QLD,9.51,debit
1577.22,F,43,VIC,39.54,debit
18735.02,F,34,NSW,20.47,debit
2136.1,M,27,VIC,45.34,debit
1132.69,F,53,NSW,68.96,debit
2422.67,F,34,NSW,54.9,debit
7167.81,M,35,QLD,31.27,debit
1862.38,M,30,QLD,6.86,debit
3474.26,M,69,VIC,55.92,debit
3720.45,F,21,VIC,18.01,debit
2306.87,F,30,NSW,28.58,debit
16636.01,M,24,NSW,5.79,debit
898.7,F,18,QLD,28.23,debit
1025.33,M,25,WA,8.81,debit
2168.17,M,37,QLD,5.71,debit
603.53,M,20,VIC,24.42,debit
3226.18,M,21,VIC,24.7,debit
4953.23,M,19,WA,6.08,debit
3344.36,M,44,VIC,27.68,debit
3239.03,F,21,WA,10.47,debit
2253.39,F,25,NSW,4.81,debit
584.45,M,20,QLD,19.08,debit
10048.7,M,23,NSW,17.29,debit
43136.07,M,22,VIC,20.32,debit
8069.39,F,39,NSW,33.95,debit
3180.19,F,21,NSW,12.89,debit
16357.58,M,24,QLD,14.66,debit
3562.02,M,18,QLD,14.38,debit
517.29,M,20,VIC,18.16,debit
1108.12,F,26,QLD,4.79,debit
3533.92,M,18,QLD,28.1,debit
1098.55,F,26,QLD,5.46,debit
58630.95,M,33,VIC,41.81,debit
16325.73,M,24,NSW,31.85,debit
52555.93,M,19,WA,13.67,debit
492.13,M,20,VIC,22.06,debit
1107.32,F,41,VIC,67.98,debit
4963.17,F,40,SA,39.14,debit
2094.89,M,37,QLD,10.73,debit
991.27,M,25,VIC,6.43,debit
52481.83,M,19,WA,33.94,debit
3838.83,F,19,NSW,15.31,debit
3786.89,F,19,NSW,51.94,debit
1736.53,F,40,QLD,8.43,debit
8015.31,F,39,NSW,54.08,debit
1034.92,F,24,VIC,303.1,debit
2590.44,F,40,QLD,22.0,debit
1428.23,M,42,WA,165.26,debit
42956.84,M,22,VIC,9.81,debit
3660.85,F,35,ACT,24.37,debit
971.15,F,26,VIC,4.33,debit
3208.04,M,44,VIC,81.95,debit
52427.62,M,19,WA,17.21,debit
2892.23,M,20,NSW,10.11,debit
4156.02,F,27,WA,9.75,debit
1487.33,F,18,NSW,25.58,debit
4184.76,F,21,NSW,8.72,debit
3876.7,F,27,WA,15.06,debit
16216.89,M,24,QLD,20.77,debit
18521.46,F,34,SA,6.05,debit
42909.41,M,22,VIC,7.75,debit
3871.57,F,27,WA,5.13,debit
2882.57,M,20,NSW,9.66,debit
1006.4,F,41,VIC,30.23,debit
6846.84,M,43,VIC,24.79,debit
939.3,F,26,QLD,7.94,debit
5843.57,M,19,WA,3.71,debit
4465.79,F,30,NSW,71.4,debit
1913.9,F,35,NSW,8.2,debit
8725.43,M,21,WA,18.73,debit
16182.4,M,24,QLD,22.89,debit
1811.06,F,53,QLD,11.76,debit
1796.99,F,53,QLD,14.07,debit
1339.9,M,42,NSW,5.63,debit
6722.93,M,43,VIC,38.01,debit
1974.66,F,24,VIC,22.07,debit
1975.85,M,37,QLD,6.23,debit
1937.22,M,38,NSW,21.96,debit
1308.47,F,64,NSW,34.23,debit
8247.41,M,39,VIC,34.94,debit
6890.65,M,52,WA,12.19,debit
757.56,M,25,QLD,9.84,debit
3736.96,F,27,WA,8.51,debit
5565.15,F,34,NT,124.43,debit
3715.24,F,27,WA,8.75,debit
1640.41,F,53,QLD,19.62,debit
650.04,F,18,QLD,10.12,debit
1887.96,M,38,WA,7.65,debit
42885.63,M,22,VIC,11.63,debit
3840.54,F,30,NSW,47.16,debit
3816.31,F,30,NSW,24.23,debit
4522.71,F,20,NSW,35.88,debit
4493.82,F,20,NSW,28.89,debit
29818.31,F,43,NSW,9.83,debit
6797.19,M,52,WA,16.59,debit
7657.7,F,39,NSW,46.12,debit
3127.51,M,21,VIC,24.05,debit
1826.8,F,26,NSW,14.95,debit
1819.99,F,26,QLD,6.81,debit
2660.51,M,31,NSW,4.05,debit
3806.68,M,22,NSW,21.66,debit
687.85,M,25,VIC,8.81,debit
3107.71,M,21,VIC,19.8,debit
1684.71,M,38,NSW,15.17,debit
673.43,M,25,VIC,14.42,debit
3579.89,F,35,SA,43.25,debit
18363.05,F,34,SA,9.05,debit
3350.13,F,27,WA,9.5,debit
6003.22,F,25,NSW,59.94,debit
1778.5,F,26,QLD,5.87,debit
3789.23,F,21,QLD,44.09,debit
2932.56,M,26,WA,18.34,debit
3273.57,F,27,WA,14.96,debit
9779.09,M,35,NSW,48.26,debit
32963.0,M,21,VIC,35.4,debit
2421.04,F,40,QLD,9.95,debit
6671.41,F,30,SA,60.58,debit
2992.11,F,41,VIC,17.8,debit
2588.2,M,37,QLD,44.37,debit
2583.73,M,37,QLD,4.47,debit
15868.49,M,24,QLD,45.86,debit
5749.52,M,19,WA,31.11,debit
2922.83,M,26,WA,9.73,debit
2348.96,F,40,VIC,48.97,debit
1697.36,F,26,QLD,19.31,debit
2765.02,M,31,NSW,12.34,debit
9683.53,M,35,SA,33.35,debit
3249.56,F,18,NSW,38.83,debit
5726.66,M,19,SA,22.86,debit
9570.86,M,35,NSW,55.76,debit
4354.09,F,20,WA,18.09,debit
7615.76,F,39,WA,41.94,debit
1645.79,F,26,QLD,9.68,debit
3086.16,M,21,VIC,7.25,debit
4125.4,F,20,NSW,18.89,debit
8389.56,M,21,NSW,20.18,debit
6112.31,M,43,SA,42.1,debit
1717.93,F,24,VIC,4.51,debit
11809.4,M,38,VIC,50.85,debit
18244.76,F,34,WA,23.77,debit
107681.34,M,42,QLD,17.2,debit
7319.12,F,19,NSW,24.17,debit
1508.35,M,38,NSW,7.65,debit
1547.19,F,26,QLD,90.43,debit
18170.61,F,34,SA,43.15,debit
1507.27,F,26,NSW,18.7,debit
5399.39,F,34,NT,15.26,debit
2334.24,M,37,QLD,72.21,debit
7259.38,F,19,NSW,22.5,debit
1488.61,F,26,QLD,12.14,debit
3935.81,F,24,WA,13.02,debit
1468.07,F,26,QLD,9.44,debit
6712.31,M,26,VIC,6.04,debit
1884.75,F,18,SA,16.37,debit
8264.32,M,21,WA,5.64,debit
3758.11,F,21,NT,31.12,debit
6719.0,M,52,WA,29.24,debit
7536.15,F,19,VIC,25.86,debit
6564.76,F,30,SA,13.32,debit
1439.35,F,26,QLD,3.75,debit
1435.4,F,26,WA,3.95,debit
7141.82,F,19,NSW,20.56,debit
1348.13,M,38,SA,25.39,debit
2200.08,M,31,NSW,13.6,debit
2110.39,F,21,NSW,9.62,debit
2311.66,M,24,VIC,19.97,debit
385.73,M,25,VIC,17.96,debit
2298.6,M,24,VIC,13.06,debit
6896.46,F,19,NSW,31.36,debit
10117.14,M,28,NSW,41.52,debit
2500.06,F,24,VIC,26.78,debit
4027.7,F,20,WA,5.97,debit
2187.7,M,31,NSW,12.38,debit
5950.68,M,44,VIC,31.62,debit
11560.23,M,38,VIC,32.8,debit
3155.31,M,31,NSW,28.63,debit
4400.72,M,27,VIC,14.14,debit
6927.24,M,18,NSW,6.17,debit
9421.6,M,35,WA,101.43,debit
8023.89,M,21,WA,10.43,debit
60703.71,M,33,VIC,23.46,debit
4922.84,F,34,NSW,301.91,debit
5007.26,F,34,NT,195.03,debit
2736.02,M,22,NSW,81.46,debit
2441.08,F,24,VIC,45.56,debit
2916.5,F,41,VIC,65.71,debit
1291.45,F,26,QLD,7.09,debit
1268.06,F,26,QLD,12.69,debit
4501.87,M,20,NSW,13.11,debit
4800.04,F,34,WA,63.07,debit
2833.85,F,27,WA,19.0,debit
3379.53,F,30,VIC,33.2,debit
2974.84,M,23,NSW,5.65,debit
6605.73,M,26,NSW,15.64,debit
2268.89,M,37,QLD,47.08,debit
3544.05,F,21,VIC,10.47,debit
2250.25,M,38,NSW,17.05,debit
6566.32,M,52,WA,29.46,debit
2748.14,F,27,WA,18.02,debit
60670.04,M,33,VIC,33.67,debit
2229.05,F,26,QLD,5.32,debit
9230.12,M,35,WA,18.89,debit
3083.55,F,21,NSW,24.8,debit
6537.65,M,52,NSW,28.67,debit
42753.46,M,22,VIC,15.84,debit
2169.21,M,37,VIC,16.01,debit
7248.85,F,19,VIC,27.92,debit
2339.33,M,21,QLD,14.7,debit
4729.71,F,34,NT,125.24,debit
60598.72,M,33,VIC,21.83,debit
6483.79,M,52,NSW,13.96,debit
3927.02,F,20,WA,2.05,debit
60519.11,M,33,VIC,26.17,debit
5602.69,M,44,NSW,10.12,debit
4714.59,F,34,NT,15.12,debit
2214.8,M,38,NSW,27.35,debit
6502.56,F,30,SA,15.2,debit
6880.8,M,18,QLD,11.86,debit
3478.44,F,21,NT,26.61,debit
5584.54,M,44,VIC,18.15,debit
15515.16,M,24,QLD,131.3,debit
5565.44,M,44,VIC,19.1,debit
7891.28,M,21,WA,37.41,debit
6398.29,M,52,WA,27.25,debit
2005.24,M,38,NSW,17.31,debit
2001.99,M,38,NSW,3.25,debit
6534.18,M,19,NSW,6.18,debit
1619.64,F,26,NSW,7.56,debit
11537.37,M,38,VIC,22.86,debit
2185.9,F,24,VIC,30.37,debit
2934.36,M,31,NSW,130.55,debit
6390.62,M,52,WA,7.67,debit
328.73,M,25,TAS,23.1,debit
3305.68,M,24,VIC,11.79,debit
7881.98,M,21,WA,9.3,debit
11476.07,M,38,VIC,61.3,debit
2161.47,F,24,VIC,24.43,debit
2937.02,F,21,NSW,20.76,debit
1203.89,F,21,NT,3.14,debit
4615.4,F,34,NT,24.3,debit
2848.73,F,21,NSW,8.87,debit
4603.58,F,34,NT,11.82,debit
4358.99,F,30,VIC,18.11,debit
2394.0,M,20,NSW,132.58,debit
5220.17,M,31,NSW,18.19,debit
3302.72,M,30,QLD,8.93,debit
4331.53,F,30,VIC,27.46,debit
2295.76,M,20,VIC,28.76,debit
20934.77,F,34,VIC,89.91,debit
4539.43,F,34,NSW,58.19,debit
3164.66,M,24,WA,32.15,debit
4774.82,F,19,VIC,33.03,debit
2274.42,M,20,VIC,21.34,debit
2109.94,F,24,VIC,18.66,debit
2803.56,F,21,VIC,45.17,debit
2753.79,M,31,NSW,43.18,debit
1907.97,M,38,NSW,16.95,debit
2784.33,F,21,NSW,12.85,debit
6719.55,M,18,QLD,23.09,debit
4494.16,F,20,NSW,185.78,debit
1582.75,F,26,QLD,2.4,debit
45870.67,M,22,VIC,7.86,debit
2175.45,M,20,VIC,98.97,debit
3779.96,F,47,NSW,13.41,debit
10192.02,F,35,VIC,21.93,debit
2756.68,M,23,NSW,9.38,debit
126.8,M,25,TAS,24.54,debit
1465.37,F,26,QLD,7.51,debit
4362.87,F,20,WA,12.26,debit
2689.21,F,41,VIC,30.5,debit
4168.47,F,30,VIC,26.56,debit
1454.82,F,26,NSW,4.28,debit
8114.87,F,25,VIC,113.76,debit
1434.21,F,26,QLD,12.15,debit
3025.78,M,37,QLD,20.85,debit
20878.68,F,34,SA,8.22,debit
2728.76,F,21,WA,6.18,debit
5494.37,M,22,VIC,163.55,debit
4357.3,F,20,WA,5.57,debit
45778.89,M,22,VIC,55.78,debit
4312.38,F,20,WA,25.24,debit
45763.71,M,22,VIC,15.18,debit
2722.83,M,23,NSW,33.85,debit
2730.77,M,31,NSW,14.13,debit
5018.36,M,44,VIC,21.92,debit
8838.93,M,35,SA,36.99,debit
8397.98,F,40,NSW,134.45,debit
8614.51,M,19,QLD,46.2,debit
4210.93,F,25,WA,27.46,debit
20816.17,F,34,NSW,19.73,debit
6263.74,M,19,NSW,16.33,debit
36511.18,M,38,QLD,24.6,debit
10190.22,M,35,QLD,75.73,debit
7947.98,F,25,WA,145.92,debit
8606.05,M,19,VIC,8.46,debit
2392.91,F,21,NSW,58.32,debit
5244.74,F,20,NSW,8.68,debit
2975.05,F,24,VIC,22.24,debit
20734.41,F,34,SA,43.11,debit
6592.47,F,39,SA,38.47,debit
5390.5,M,22,NSW,28.47,debit
2117.12,M,20,VIC,9.33,debit
12002.0,M,28,TAS,15.2,debit
10438.73,M,38,VIC,54.44,debit
2652.56,M,31,NSW,29.5,debit
1051.51,F,21,NT,15.44,debit
12124.5,M,23,NSW,16.6,debit
4875.66,F,35,SA,149.44,debit
4554.83,M,69,VIC,19.99,debit
11640.63,M,28,NSW,361.37,debit
4022.28,F,25,NSW,85.27,debit
4477.64,M,38,ACT,25.84,debit
4013.96,F,25,NSW,8.32,debit
3077.83,M,24,VIC,17.44,debit
3422.17,M,22,NSW,53.09,debit
3812.95,M,26,NSW,46.55,debit
4421.47,M,38,QLD,49.47,debit
16082.36,M,42,NSW,29.5,debit
2923.34,F,24,VIC,25.79,debit
3083.11,F,18,WA,31.94,debit
15267.39,M,24,QLD,21.74,debit
10642.02,M,43,VIC,31.02,debit
3884.04,F,25,QLD,43.67,debit
1144.65,F,26,QLD,10.39,debit
4350.77,M,38,SA,70.7,debit
2932.53,M,37,NSW,16.27,debit
1620.4,F,18,QLD,261.68,debit
3989.06,F,20,WA,9.98,debit
4833.88,M,22,WA,21.16,debit
3325.9,F,21,NT,25.69,debit
8599.78,M,35,SA,34.67,debit
3727.73,F,25,WA,20.85,debit
60246.95,M,33,NSW,37.4,debit
3259.88,F,21,NT,13.46,debit
3005.57,M,30,QLD,86.49,debit
4862.62,F,47,WA,32.62,debit
7472.66,F,34,NT,18.61,debit
11947.88,M,23,NSW,28.53,debit
28015.12,F,50,VIC,46.35,debit
2780.72,M,37,QLD,8.39,debit
12195.12,F,35,VIC,33.12,debit
15156.39,M,24,QLD,10.69,debit
4614.96,M,22,NSW,89.31,debit
196554.17,F,40,VIC,32.01,debit
60103.41,M,33,VIC,47.61,debit
20441.11,F,34,NSW,46.64,debit
15147.17,M,24,QLD,9.22,debit
196527.04,F,40,VIC,27.13,debit
5110.89,F,27,WA,28.05,debit
6263.02,F,39,NSW,23.75,debit
49.41,M,38,NSW,14.72,debit
2769.54,M,24,VIC,25.24,debit
3287.54,F,40,VIC,101.67,debit
196429.0,F,40,VIC,48.89,debit
3226.46,F,40,QLD,6.55,debit
4329.08,F,25,WA,8.33,debit
5429.28,M,69,SA,30.29,debit
4735.83,F,47,WA,34.87,debit
10119.49,M,39,VIC,18.16,debit
19981.8,F,46,NSW,26.45,debit
21125.75,M,24,QLD,17.42,debit
54868.72,M,19,WA,10.83,debit
1906.17,F,26,QLD,10.39,debit
12168.88,F,35,VIC,14.64,debit
10623.82,F,19,VIC,19.08,debit
4860.45,M,27,VIC,42.52,debit
1899.62,F,26,QLD,6.55,debit
3170.36,F,21,NT,15.35,debit
3029.12,F,18,NSW,17.99,debit
10785.4,M,35,NSW,11.21,debit
3635.73,F,43,VIC,13.2,debit
3457.36,M,31,NSW,32.44,debit
3335.93,F,21,NSW,17.48,debit
10057.89,M,39,VIC,43.4,debit
4686.44,M,31,NSW,10.36,debit
12085.41,F,35,VIC,37.74,debit
4559.53,F,18,WA,133.38,debit
21067.7,M,24,QLD,33.41,debit
19.23,M,38,NSW,8.86,debit
7143.66,M,19,WA,7.81,debit
4538.04,F,18,NSW,21.49,debit
3205.78,M,20,VIC,11.04,debit
3041.09,F,40,QLD,39.09,debit
4536.42,F,47,WA,13.76,debit
1857.42,F,26,QLD,19.75,debit
9912.58,M,52,WA,31.82,debit
3449.19,M,37,QLD,9.21,debit
3618.27,M,23,NSW,15.51,debit
20730.69,F,38,VIC,9.15,debit
3377.69,M,37,QLD,46.27,debit
2966.84,F,40,NSW,50.16,debit
6038.87,F,20,NSW,75.83,debit
1720.64,F,26,QLD,18.4,debit
3197.8,M,31,WA,30.43,debit
2642.45,F,24,VIC,15.29,debit
21032.61,M,24,QLD,16.5,debit
3977.92,F,35,NSW,8.81,debit
5062.57,F,27,WA,6.96,debit
3245.28,M,37,QLD,9.33,debit
19602.65,F,46,NSW,62.13,debit
3531.74,M,23,NSW,8.57,debit
10348.91,M,35,NSW,45.28,debit
4190.69,F,25,SA,18.29,debit
3048.42,M,31,NSW,41.74,debit
2935.15,M,31,NSW,113.27,debit
1580.76,F,26,QLD,6.15,debit
2776.22,F,53,QLD,17.39,debit
5042.45,F,27,WA,20.12,debit
5918.52,M,20,NSW,9.53,debit
3127.33,F,21,NT,17.76,debit
3515.63,M,23,QLD,16.11,debit
19925.45,F,34,SA,17.35,debit
1565.8,F,26,QLD,14.96,debit
19891.47,F,34,NSW,33.98,debit
3208.68,M,37,QLD,19.27,debit
3525.22,F,24,VIC,15.95,debit
4853.46,F,27,WA,8.86,debit
20958.55,M,24,QLD,16.89,debit
19833.92,F,34,SA,44.6,debit
3291.55,F,21,WA,10.65,debit
20639.81,F,38,VIC,13.73,debit
11821.74,M,23,WA,23.71,debit
1417.32,F,26,VIC,28.74,debit
2747.05,F,53,NSW,29.17,debit
4315.28,F,21,NSW,13.34,debit
4947.14,F,20,WA,13.74,debit
3367.91,F,24,VIC,15.05,debit
45370.25,M,22,VIC,68.34,debit
11877.04,M,20,SA,33.11,debit
6090.6,F,30,VIC,0.1,debit
6637.22,F,34,QLD,149.05,debit
9816.3,F,40,NSW,29.6,debit
997.22,M,38,NSW,9.11,debit
3614.0,F,53,QLD,31.93,debit
3214.37,F,24,VIC,82.27,debit
6813.0,F,19,VIC,22.43,debit
3852.75,M,24,VIC,22.22,debit
11366.34,M,29,WA,23.93,debit
20124.29,F,38,VIC,20.69,debit
940.53,M,38,NSW,18.5,debit
4902.57,F,20,NSW,10.51,debit
2450.79,M,30,QLD,11.11,debit
5712.18,F,19,VIC,8.38,debit
5695.24,F,19,VIC,16.94,debit
5825.1,M,20,VIC,25.02,debit
3041.07,F,21,NT,12.91,debit
924.19,M,38,NSW,16.34,debit
5688.53,F,19,VIC,6.71,debit
2996.26,F,21,NT,16.97,debit
3179.88,F,24,VIC,18.89,debit
2443.84,M,30,QLD,6.95,debit
908.68,M,38,WA,8.13,debit
39136.73,M,28,NSW,367.97,debit
2326.12,F,26,QLD,7.39,debit
2478.6,F,43,VIC,24.22,debit
4691.29,F,27,WA,9.51,debit
4169.82,M,30,QLD,15.52,debit
1915.69,F,64,VIC,12.52,debit
14102.78,F,35,VIC,18.62,debit
13215.88,M,38,VIC,26.95,debit
4663.94,F,27,WA,27.35,debit
3629.95,F,18,NSW,83.76,debit
8628.41,F,19,VIC,49.5,debit
8596.15,F,19,NSW,32.26,debit
5929.74,M,27,VIC,34.1,debit
4394.51,M,23,NSW,7.92,debit
4104.57,M,30,QLD,15.95,debit
4093.89,M,30,QLD,10.68,debit
3588.2,M,31,NSW,24.82,debit
8476.91,F,19,NSW,36.31,debit
2253.82,F,26,QLD,10.74,debit
4641.93,F,27,WA,22.01,debit
3509.01,M,31,NSW,79.19,debit
196141.69,F,40,VIC,48.7,debit
3984.29,M,30,QLD,25.73,debit
5889.62,M,27,VIC,24.53,debit
5218.6,F,34,NT,87.09,debit
3964.12,M,30,QLD,20.17,debit
2227.42,F,26,QLD,5.83,debit
10147.16,M,28,NSW,43.89,debit
10983.66,M,19,VIC,18.15,debit
11146.84,M,29,WA,22.47,debit
3432.69,F,26,NSW,52.81,debit
11502.86,F,40,WA,23.5,debit
7269.82,M,31,NSW,87.3,debit
3477.34,M,31,NSW,21.54,debit
5826.02,F,20,WA,11.2,debit
3727.1,M,30,QLD,17.01,debit
3697.93,M,30,QLD,29.17,debit
3552.2,M,24,VIC,72.54,debit
3473.87,F,40,QLD,28.02,debit
4044.34,M,42,NSW,55.24,debit
7761.38,M,19,WA,13.36,debit
4019.24,M,42,NSW,25.1,debit
5653.18,F,20,WA,40.87,debit
9305.78,F,25,NSW,10.61,debit
7103.41,M,22,NSW,113.25,debit
5638.66,F,20,NSW,14.52,debit
19845.43,F,38,VIC,19.46,debit
3423.63,F,40,QLD,15.41,debit
2637.74,F,18,QLD,156.43,debit
7014.89,F,34,NSW,113.29,debit
5663.23,F,30,NSW,151.34,debit
3887.57,F,18,NSW,8.95,debit
5732.54,M,20,NSW,26.98,debit
2104.11,F,26,QLD,5.72,debit
6958.32,F,27,WA,14.84,debit
3100.34,F,24,VIC,13.22,debit
6985.54,F,34,NSW,29.35,debit
2427.01,F,18,QLD,22.2,debit
2810.13,F,21,NT,8.7,debit
10016.95,M,35,NSW,57.06,debit
2331.15,F,18,QLD,85.94,debit
20648.26,M,24,QLD,13.81,debit
3067.86,F,24,VIC,4.69,debit
20640.95,M,24,QLD,7.31,debit
2877.61,F,35,SA,110.18,debit
2097.57,F,26,QLD,6.54,debit
7080.32,M,22,NSW,23.09,debit
28386.24,F,50,VIC,57.87,debit
4007.66,M,37,QLD,3.7,debit
5593.7,F,47,WA,10.7,debit
15592.07,F,39,VIC,16.09,debit
5695.27,M,20,NSW,9.28,debit
56955.1,M,19,NSW,453.89,debit
1949.61,F,26,NSW,38.94,debit
8230.86,F,19,NSW,7.65,debit
6944.86,F,27,VIC,13.46,debit
8218.54,F,19,NSW,12.32,debit
1926.82,F,26,VIC,11.46,debit
13098.23,M,38,VIC,18.48,debit
5569.43,F,20,WA,3.4,debit
1910.27,F,26,QLD,16.55,debit
13171.57,M,43,VIC,508.36,debit
7286.27,M,22,VIC,52.56,debit
5429.23,F,30,VIC,65.49,debit
5543.68,F,20,NSW,8.19,debit
8576.69,M,19,WA,9.54,debit
5325.06,F,30,SA,41.91,debit
7235.18,M,22,VIC,51.09,debit
3236.42,M,30,NSW,296.51,debit
5234.18,F,30,SA,90.88,debit
47921.93,M,22,VIC,15.71,debit
47894.07,M,22,VIC,27.86,debit
20450.0,M,24,NSW,11.81,debit
979.51,M,38,NSW,23.6,debit
1727.48,F,26,QLD,2.28,debit
15327.54,F,39,NSW,17.84,debit
39275.13,M,38,VIC,64.67,debit
891.28,M,38,NSW,10.49,debit
6581.92,F,27,NSW,39.37,debit
6821.24,M,21,VIC,21.27,debit
6568.54,F,27,WA,13.38,debit
855.13,M,38,NSW,7.88,debit
6550.15,F,27,WA,18.39,debit
6676.08,M,21,WA,79.87,debit
8858.41,M,38,NSW,22.0,debit
2430.42,F,18,WA,36.64,debit
16398.04,F,35,VIC,9.85,debit
11962.88,M,39,VIC,144.05,debit
3135.7,M,30,QLD,5.32,debit
4989.25,F,21,NT,11.5,debit
7024.99,M,27,VIC,76.53,debit
6987.07,M,27,VIC,37.92,debit
6992.39,M,31,NSW,48.82,debit
11406.5,F,40,NSW,7.36,debit
6924.9,M,31,QLD,67.49,debit
5533.73,M,28,VIC,12.42,debit
5233.4,M,20,NSW,37.17,debit
795.13,M,38,NSW,15.96,debit
7744.73,F,19,VIC,23.56,debit
7725.99,F,19,VIC,18.74,debit
9578.53,M,35,NSW,84.67,debit
8653.39,M,22,NSW,32.75,debit
8744.74,M,38,NSW,24.98,debit
735.2,M,38,SA,11.61,debit
8711.26,M,44,VIC,14.36,debit
5301.39,F,21,WA,7.3,debit
7317.47,M,20,NSW,14.56,debit
3113.46,M,30,QLD,10.54,debit
5061.45,M,23,NSW,4.68,debit
8687.26,M,44,VIC,10.34,debit
4527.57,M,20,NSW,39.17,debit
6582.13,M,26,WA,27.32,debit
8635.86,M,22,NSW,17.53,debit
8668.03,M,44,VIC,19.23,debit
11232.6,F,40,SA,9.34,debit
39066.51,M,38,NSW,93.62,debit
3871.06,F,40,QLD,8.81,debit
7286.1,M,20,NSW,31.37,debit
22866.41,F,34,ACT,37.0,debit
3047.71,F,26,WA,23.11,debit
12023.77,M,28,VIC,33.91,debit
12000.04,M,28,VIC,23.73,debit
8655.17,M,44,VIC,12.86,debit
8596.32,M,22,NSW,39.54,debit
3787.95,F,24,VIC,46.58,debit
22815.98,F,34,SA,24.72,debit
13904.09,M,18,QLD,18.53,debit
437.65,M,38,NSW,10.18,debit
6548.82,M,26,WA,33.31,debit
8484.66,M,38,SA,19.72,debit
4112.69,F,18,WA,15.34,debit
22739.22,F,34,NSW,13.76,debit
8511.53,M,19,WA,7.61,debit
12955.24,M,43,VIC,35.59,debit
8210.87,F,34,SA,29.77,debit
6527.59,M,26,WA,21.23,debit
7066.37,M,69,VIC,111.63,debit
4098.39,F,18,NSW,14.3,debit
8811.61,F,25,NSW,31.48,debit
2946.86,M,24,VIC,20.04,debit
3933.56,M,31,NSW,34.23,debit
8664.72,F,25,WA,146.89,debit
390.11,M,38,NSW,13.45,debit
3692.64,F,43,VIC,18.6,debit
6381.07,F,27,WA,7.71,debit
3884.16,M,31,NSW,49.4,debit
3022.9,M,30,QLD,15.1,debit
8482.96,F,25,WA,20.14,debit
2658.87,F,26,QLD,6.52,debit
11603.67,M,39,VIC,158.27,debit
18118.73,M,24,QLD,18.74,debit
4534.67,M,37,QLD,9.75,debit
4278.81,F,18,ACT,4.5,debit
4009.05,F,18,NSW,44.34,debit
8258.36,F,20,NSW,21.5,debit
22585.07,F,34,WA,12.68,debit
18089.16,M,24,QLD,29.57,debit
13017.5,F,40,WA,14.7,debit
3719.16,F,40,QLD,20.02,debit
22535.31,F,34,WA,49.76,debit
4520.82,M,37,QLD,13.85,debit
4915.99,M,23,NSW,20.78,debit
8469.77,F,25,QLD,13.19,debit
8225.28,F,34,WA,17.76,debit
5743.36,M,28,VIC,1270.49,debit
62096.97,M,33,SA,49.23,debit
112673.71,M,42,NSW,49.84,debit
4893.61,M,23,NSW,14.18,debit
3537.82,F,43,VIC,22.15,debit
2525.65,F,26,NSW,19.99,debit
22453.66,F,34,SA,25.51,debit
7673.83,F,19,VIC,24.79,debit
3866.84,F,18,WA,33.35,debit
22428.43,F,34,SA,25.23,debit
18037.2,M,24,QLD,18.17,debit
21266.69,F,46,NSW,13.08,debit
6727.89,M,27,VIC,21.65,debit
6214.43,F,27,WA,16.15,debit
2432.86,F,26,QLD,10.31,debit
15069.02,F,39,NSW,49.6,debit
4123.62,M,20,VIC,32.14,debit
6582.46,M,31,WA,32.23,debit
38390.49,M,28,NSW,59.94,debit
4230.32,F,18,SA,15.38,debit
2413.8,F,26,QLD,12.32,debit
9687.29,F,34,WA,27.48,debit
4813.9,M,23,NSW,16.26,debit
13388.33,M,18,VIC,11.66,debit
9646.75,F,34,NSW,40.54,debit
22402.87,F,34,ACT,10.05,debit
13229.17,M,18,QLD,8.71,debit
6301.08,F,20,WA,17.59,debit
8630.77,M,44,VIC,13.14,debit
4191.83,M,37,QLD,14.18,debit
2818.45,M,30,VIC,73.49,debit
4182.84,M,37,QLD,8.99,debit
21212.29,F,46,NSW,54.4,debit
22300.53,F,34,NSW,12.23,debit
13222.31,M,18,QLD,6.86,debit
4491.58,F,21,QLD,99.59,debit
4263.0,F,40,QLD,172.57,debit
6742.68,M,69,VIC,28.74,debit
36179.63,M,21,VIC,12.03,debit
4236.1,F,40,VIC,17.24,debit
8581.69,M,44,WA,22.08,debit
14237.23,M,23,SA,11.17,debit
5131.19,M,20,VIC,19.53,debit
3400.54,F,43,VIC,17.39,debit
15247.92,M,43,VIC,55.71,debit
8525.93,M,44,VIC,38.23,debit
36102.58,M,21,VIC,26.72,debit
6619.88,F,21,VIC,16.17,debit
199608.69,F,40,VIC,20.11,debit
4238.79,F,21,NT,7.63,debit
14818.27,F,39,NSW,134.1,debit
6249.33,F,20,WA,3.72,debit
9434.36,M,31,SA,9.03,debit
4033.23,F,24,NSW,20.54,debit
5556.49,F,25,WA,30.49,debit
17912.93,M,24,QLD,14.25,debit
4211.61,M,24,VIC,46.24,debit
3278.85,F,43,VIC,18.3,debit
3358.07,F,26,QLD,7.19,debit
2808.4,M,30,QLD,10.05,debit
14887.33,M,29,WA,14.0,debit
7693.74,M,69,VIC,60.46,debit
6099.72,M,25,NSW,11.85,debit
11255.91,F,19,NSW,11.62,debit
7656.08,M,69,VIC,37.66,debit
9851.5,M,35,NSW,17.78,debit
7323.19,F,30,VIC,13.44,debit
6092.41,M,25,VIC,7.31,debit
14879.06,M,29,WA,8.27,debit
9791.03,M,35,WA,60.47,debit
4553.01,M,30,WA,15.48,debit
2067.15,F,18,QLD,11.63,debit
3761.31,F,18,NSW,14.53,debit
3985.31,M,24,VIC,55.35,debit
7423.12,F,19,VIC,15.68,debit
5868.99,F,27,WA,5.49,debit
3878.97,M,24,VIC,11.24,debit
8031.71,M,44,NSW,38.4,debit
25858.82,F,34,WA,16.96,debit
3205.59,F,26,QLD,6.21,debit
6869.14,M,22,SA,7.88,debit
940.37,M,38,NSW,18.31,debit
3151.85,F,26,QLD,12.45,debit
25652.72,F,34,WA,13.1,debit
8229.39,F,27,QLD,57.68,debit
4913.86,M,20,VIC,9.53,debit
3123.98,F,26,QLD,18.54,debit
9059.13,M,21,VIC,11.31,debit
8633.81,M,21,VIC,425.32,debit
20439.43,F,38,VIC,12.62,debit
3729.63,F,18,WA,4.95,debit
42083.78,M,28,NSW,9.69,debit
69602.01,M,40,WA,42.76,debit
8979.48,M,21,WA,11.54,debit
20877.1,F,46,NSW,34.65,debit
7656.99,F,34,NT,33.17,debit
7542.37,F,34,NSW,114.62,debit
3999.65,F,40,QLD,43.61,debit
3971.61,F,40,QLD,16.99,debit
3017.29,F,26,QLD,15.9,debit
2993.58,F,26,QLD,23.71,debit
7018.04,F,20,WA,17.39,debit
6004.38,M,25,VIC,16.59,debit
12555.49,M,35,NSW,4233.0,debit
4056.84,M,31,NSW,16.25,debit
4483.53,M,30,QLD,10.34,debit
8601.13,M,21,VIC,21.7,debit
3662.78,F,18,WA,21.85,debit
862.46,M,38,NSW,16.6,debit
5516.06,F,21,NSW,13.95,debit
63930.35,M,33,VIC,9.06,debit
7701.83,M,27,VIC,85.0,debit
3858.7,F,40,QLD,15.86,debit
4462.53,M,30,QLD,21.0,debit
20297.93,F,38,VIC,31.93,debit
7379.17,F,34,NT,51.4,debit
3863.72,F,21,NT,10.88,debit
7357.54,F,34,VIC,21.63,debit
4608.49,M,37,QLD,11.16,debit
9742.66,M,22,NSW,132.62,debit
6072.45,F,34,NT,1285.09,debit
63897.52,M,33,VIC,6.86,debit
8082.27,F,20,NSW,17.4,debit
8105.64,F,27,WA,62.69,debit
8070.96,F,20,NSW,11.31,debit
63858.85,M,33,VIC,38.67,debit
8060.35,F,20,NSW,10.61,debit
9669.5,M,22,NSW,8.89,debit
3695.51,F,40,QLD,9.61,debit
8002.12,M,44,VIC,15.96,debit
2840.96,F,26,QLD,8.46,debit
3673.39,F,40,QLD,22.12,debit
753.36,M,38,VIC,29.57,debit
744.92,M,38,NSW,8.44,debit
6061.8,F,34,QLD,10.65,debit
8544.47,M,21,VIC,14.09,debit
5883.14,F,35,NSW,11.57,debit
8518.85,M,21,VIC,25.62,debit
5825.21,M,25,NSW,50.68,debit
5864.6,F,35,VIC,18.54,debit
25394.98,F,34,ACT,103.06,debit
37413.67,M,21,QLD,7.61,debit
19223.82,M,29,NSW,12.54,debit
7285.99,M,26,NSW,22.99,debit
7964.36,F,20,QLD,82.71,debit
17541.53,M,24,QLD,8.9,debit
69407.37,M,40,WA,20.35,debit
17530.76,M,24,QLD,10.77,debit
17520.98,M,24,QLD,9.78,debit
2765.24,F,26,QLD,19.72,debit
615.55,M,38,NSW,61.85,debit
8252.71,M,38,SA,11.18,debit
4490.72,F,40,QLD,3.92,debit
2744.3,F,26,QLD,4.8,debit
602.23,M,38,NSW,13.32,debit
4525.49,M,37,QLD,5.58,debit
4423.91,M,30,QLD,14.96,debit
4352.8,M,30,QLD,30.52,debit
14788.58,F,19,NSW,8.13,debit
14782.24,F,19,NSW,6.34,debit
202631.18,F,40,VIC,135.4,debit
19069.28,M,29,WA,28.15,debit
41603.13,M,28,SA,17.85,debit
202598.54,F,40,VIC,32.64,debit
202567.85,F,40,VIC,30.69,debit
1918.91,F,18,QLD,19.29,debit
4714.88,F,24,VIC,34.16,debit
10149.73,M,19,NSW,9.57,debit
7796.26,F,27,WA,20.91,debit
7780.62,F,27,WA,15.64,debit
6637.41,M,22,NSW,29.07,debit
17423.93,M,24,QLD,12.8,debit
3340.75,F,26,NSW,6.11,debit
11421.83,M,20,ACT,133.1,debit
68955.87,M,40,WA,12.24,debit
8936.76,M,31,NSW,11.05,debit
10122.95,M,19,WA,10.99,debit
25350.28,F,34,NSW,5.7,debit
7121.62,M,26,WA,9.28,debit
9242.13,F,34,NT,32.99,debit
7967.46,M,44,VIC,7.66,debit
4377.45,F,40,QLD,43.11,debit
8859.06,M,22,QLD,11.23,debit
8129.2,M,38,SA,27.39,debit
4246.31,F,40,QLD,61.27,debit
4384.66,M,37,QLD,22.4,debit
8380.65,F,21,VIC,92.86,debit
5445.67,F,18,WA,6.4,debit
4183.85,M,30,QLD,20.13,debit
4368.83,M,37,QLD,9.78,debit
4171.05,M,30,QLD,12.8,debit
14416.64,F,39,NSW,33.72,debit
6407.94,F,35,NSW,16.79,debit
14582.89,F,19,NSW,32.59,debit
9096.91,F,34,QLD,16.06,debit
6040.17,F,25,NSW,12.79,debit
6021.59,F,25,WA,18.58,debit
4154.11,F,40,QLD,15.75,debit
7110.27,F,43,VIC,34.37,debit
3181.91,F,26,QLD,9.98,debit
4143.66,F,40,QLD,10.45,debit
9039.79,F,34,NT,20.53,debit
16518.12,F,40,NSW,111.34,debit
5253.63,M,37,QLD,27.96,debit
1290.56,M,38,NSW,7.35,debit
63548.45,M,33,VIC,8.09,debit
3152.07,F,26,QLD,3.13,debit
1283.3,M,38,NSW,7.26,debit
3083.42,F,26,QLD,9.82,debit
5424.15,F,18,SA,21.52,debit
4868.91,F,21,NSW,11.09,debit
5718.96,M,25,TAS,7.88,debit
9020.95,F,34,NT,18.84,debit
7484.68,M,28,VIC,18.94,debit
7617.37,F,27,WA,68.27,debit
10850.75,F,34,NSW,11.14,debit
9881.46,M,19,WA,38.54,debit
13130.3,M,28,VIC,45.28,debit
6728.06,M,44,VIC,28.78,debit
17171.47,M,24,QLD,12.74,debit
3061.97,F,26,QLD,4.58,debit
673.21,M,38,NSW,562.76,debit
9051.1,F,30,NSW,24.13,debit
6564.24,M,42,NSW,418.08,debit
6536.2,M,42,VIC,28.04,debit
9813.17,M,19,WA,9.39,debit
7132.55,F,25,WA,13.75,debit
3295.87,F,18,QLD,22.0,debit
4567.15,F,24,VIC,13.01,debit
6978.33,F,43,VIC,7.94,debit
7853.0,M,21,VIC,7.21,debit
6959.19,F,43,VIC,19.14,debit
10826.36,F,34,NSW,24.39,debit
8523.8,M,22,NSW,10.11,debit
10784.66,F,34,WA,41.7,debit
13060.16,M,28,QLD,21.14,debit
7593.65,F,27,WA,6.83,debit
7580.07,F,27,NSW,13.58,debit
6795.63,F,25,NSW,35.14,debit
6946.4,M,26,WA,28.21,debit
7792.67,M,21,VIC,12.89,debit
4472.48,F,24,VIC,28.67,debit
3956.1,F,64,TAS,11.57,debit
2942.1,F,26,QLD,10.88,debit
9694.3,F,19,VIC,17.35,debit
6827.69,M,26,WA,40.65,debit
2932.11,F,26,QLD,9.99,debit
5968.97,M,42,WA,17.26,debit
6401.26,M,23,NSW,61.17,debit
622.53,M,38,NSW,22.22,debit
6738.54,F,25,WA,9.77,debit
10278.29,M,26,VIC,27.93,debit
5943.02,M,42,NSW,25.95,debit
7288.97,F,27,WA,23.27,debit
3653.68,F,40,VIC,47.26,debit
5925.21,M,42,NSW,17.81,debit
4449.75,F,24,VIC,7.98,debit
4433.02,F,24,VIC,12.25,debit
6797.6,M,26,WA,10.47,debit
2832.65,F,26,QLD,4.7,debit
1351.01,F,26,QLD,1452.21,debit
25054.61,F,34,NSW,12.82,debit
7246.76,F,27,WA,9.33,debit
3395.92,M,24,VIC,12.02,debit
5700.8,M,42,NSW,15.94,debit
7732.99,M,21,VIC,10.55,debit
6931.92,F,41,VIC,129.76,debit
1293.97,F,26,NSW,25.18,debit
5623.07,M,42,NSW,77.73,debit
5219.86,F,24,VIC,18.35,debit
4881.41,M,20,VIC,20.2,debit
13762.52,M,39,VIC,27.53,debit
5558.7,M,25,VIC,12.04,debit
7127.05,F,27,WA,27.77,debit
59038.93,M,38,QLD,80.99,debit
6684.55,F,24,WA,27.37,debit
7648.94,M,21,NSW,84.05,debit
7106.8,F,27,WA,14.26,debit
21523.89,F,38,NSW,34.06,debit
21515.61,F,38,VIC,8.28,debit
18549.74,M,40,NSW,13.47,debit
5548.93,M,25,QLD,9.77,debit
6527.22,F,25,WA,23.27,debit
44763.25,M,28,QLD,38.91,debit
6746.7,M,26,WA,27.26,debit
6375.07,M,44,VIC,133.64,debit
6111.28,F,18,SA,27.02,debit
1988.62,F,26,NSW,12.39,debit
6979.48,F,27,WA,44.8,debit
61575.47,M,38,NSW,33.84,debit
10315.83,M,44,VIC,53.45,debit
5121.05,M,37,QLD,11.1,debit
8822.52,F,34,NT,27.43,debit
1453.24,M,38,NSW,5.4,debit
7463.78,M,38,VIC,95.46,debit
10069.37,M,26,VIC,6.87,debit
28515.28,F,34,SA,6.09,debit
1972.99,F,26,QLD,7.06,debit
1905.5,F,26,NSW,67.49,debit
6756.45,F,20,WA,931.69,debit
5136.67,F,24,VIC,13.46,debit
10057.12,M,26,SA,12.25,debit
6723.96,F,41,VIC,31.7,debit
7003.12,M,23,NSW,10.72,debit
8711.86,F,34,NT,41.37,debit
18461.29,M,29,NSW,18.01,debit
12732.62,M,28,VIC,16.22,debit
2276.44,F,18,QLD,12.07,debit
9423.69,F,19,VIC,56.69,debit
7431.9,M,38,NSW,31.88,debit
10643.63,F,30,NSW,9.27,debit
1879.19,F,26,VIC,10.18,debit
10220.26,M,44,VIC,16.71,debit
6577.98,F,20,WA,9.93,debit
14101.53,F,39,NSW,14.98,debit
19712.4,M,43,VIC,10.77,debit
12100.21,M,21,VIC,8.1,debit
9778.64,F,25,QLD,31.94,debit
8792.02,M,20,NSW,11.71,debit
9122.27,F,20,NSW,25.91,debit
44651.58,M,28,NSW,32.02,debit
4555.25,F,27,VIC,16.74,debit
1822.15,F,26,QLD,33.36,debit
4342.58,F,40,QLD,19.29,debit
13768.65,F,19,NSW,12.57,debit
2167.35,F,18,QLD,22.76,debit
29763.74,F,50,VIC,31.45,debit
7411.88,M,28,VIC,15.29,debit
1720.29,F,26,QLD,4.42,debit
6965.77,M,23,NSW,14.66,debit
8730.7,M,20,NSW,16.17,debit
17980.01,F,40,SA,19.4,debit
8677.44,M,20,NSW,53.26,debit
5103.74,F,24,VIC,18.75,debit
5143.38,M,25,NSW,39.75,debit
11231.72,M,31,NSW,19.67,debit
5932.95,F,18,ACT,25.53,debit
5048.39,F,24,VIC,18.19,debit
201953.04,F,40,VIC,17.94,debit
1521.03,F,26,NSW,15.39,debit
11179.75,M,31,NSW,8.97,debit
7266.58,F,20,WA,168.16,debit
8718.74,F,30,VIC,15.03,debit
1487.44,F,26,NSW,7.93,debit
28194.44,F,34,VIC,59.22,debit
6927.61,M,23,SA,38.16,debit
12227.23,F,34,NSW,37.74,debit
1464.51,F,26,QLD,13.41,debit
827.45,F,26,QLD,11.64,debit
820.55,F,26,QLD,6.9,debit
29683.78,F,50,VIC,14.14,debit
21223.37,F,38,NSW,10.28,debit
7254.06,M,38,SA,21.2,debit
8989.34,F,20,NSW,49.45,debit
5217.8,M,30,QLD,13.55,debit
265971.62,M,46,VIC,14.84,debit
7385.12,M,26,WA,24.22,debit
7707.35,M,20,WA,23.33,debit
18229.33,M,40,NSW,5.11,debit
7442.24,F,25,NSW,14.08,debit
13941.39,F,39,NSW,51.14,debit
18841.12,M,42,SA,39.12,debit
1358.8,M,38,NSW,33.77,debit
18162.84,M,40,NSW,18.08,debit
7438.01,F,25,WA,4.23,debit
18436.92,M,29,NSW,15.1,debit
7162.56,M,38,NSW,62.38,debit
8969.6,F,20,NSW,19.74,debit
4418.31,F,27,VIC,11.06,debit
5734.54,M,20,VIC,21.73,debit
7149.55,M,38,NSW,13.01,debit
15370.84,M,24,QLD,15.19,debit
5895.77,F,18,NSW,10.93,debit
5171.99,M,30,QLD,7.9,debit
5020.87,M,30,QLD,73.12,debit
44267.36,M,28,NSW,9.46,debit
4965.99,M,30,QLD,24.91,debit
8663.06,F,30,VIC,22.23,debit
809.03,F,26,QLD,5.8,debit
793.73,F,26,QLD,15.3,debit
1283.86,M,38,NSW,13.11,debit
13725.32,F,19,NSW,12.55,debit
13700.17,F,19,SA,25.15,debit
713.05,F,26,QLD,26.07,debit
1265.18,M,38,NSW,12.35,debit
697.28,F,26,QLD,15.77,debit
4714.51,F,21,NT,12.53,debit
5928.8,F,24,VIC,8.28,debit
5883.05,F,24,VIC,45.75,debit
40199.06,M,21,VIC,44.76,debit
18688.43,M,38,NSW,112.89,debit
15284.58,M,24,VIC,47.26,debit
44133.41,M,28,NSW,22.64,debit
7320.95,M,26,WA,12.07,debit
5974.61,F,26,NSW,23.52,debit
1745.27,M,37,QLD,18.2,debit
265903.69,M,46,VIC,67.93,debit
9992.3,M,44,VIC,33.42,debit
44006.94,M,28,NSW,126.47,debit
4636.78,M,30,QLD,23.06,debit
22297.31,M,29,NSW,18.12,debit
265817.75,M,46,VIC,63.94,debit
6844.75,M,38,NSW,38.63,debit
43116.46,M,38,NSW,174.63,debit
5645.41,F,43,VIC,15.28,debit
8500.7,F,20,NSW,13.64,debit
4918.1,M,42,NSW,15.99,debit
17574.55,F,19,QLD,35.44,debit
7257.68,M,26,WA,37.17,debit
18556.22,M,42,WA,235.26,debit
6542.02,F,24,WA,29.62,debit
2105.91,M,38,NSW,7.31,debit
7097.75,F,20,WA,16.36,debit
6487.68,F,24,WA,8.34,debit
4473.67,M,30,QLD,48.7,debit
1615.68,F,26,QLD,4.92,debit
21913.74,M,43,VIC,27.06,debit
4952.72,M,25,QLD,14.85,debit
14116.41,M,28,VIC,43.46,debit
16200.23,M,39,VIC,15.86,debit
17757.68,F,40,NSW,17.36,debit
15064.41,M,24,QLD,58.26,debit
16153.12,M,39,VIC,47.11,debit
17730.91,F,40,SA,26.77,debit
5834.75,M,28,VIC,12.24,debit
6466.43,F,24,WA,4.23,debit
43788.56,M,28,NSW,86.21,debit
4925.95,F,40,QLD,24.54,debit
17681.43,F,40,SA,49.48,debit
6525.04,F,35,NSW,29.8,debit
14026.48,M,28,VIC,31.93,debit
4912.07,F,40,QLD,13.88,debit
10646.68,F,19,VIC,21.52,debit
4818.54,F,40,QLD,93.53,debit
4804.09,F,40,QLD,14.45,debit
1922.11,M,38,NSW,4.76,debit
7649.49,M,26,NSW,155.45,debit
5755.73,M,28,VIC,54.8,debit
10944.27,M,35,WA,58.8,debit
43676.64,M,38,NSW,26.88,debit
29626.6,F,50,VIC,21.11,debit
43639.14,M,38,NSW,37.5,debit
13897.37,M,28,QLD,40.68,debit
5655.4,F,24,VIC,13.84,debit
9710.94,M,20,NSW,8.93,debit
13111.28,F,34,NSW,21.83,debit
5631.7,F,24,VIC,10.86,debit
1406.18,F,26,QLD,22.06,debit
43606.38,M,28,NSW,36.97,debit
21981.04,M,29,WA,19.88,debit
4451.53,M,31,NSW,5.55,debit
61009.17,M,38,NT,121.88,debit
1830.71,M,38,NSW,25.04,debit
11469.96,M,38,WA,26.7,debit
4433.07,M,31,NSW,18.46,debit
1359.84,F,26,QLD,6.85,debit
13840.91,M,28,NSW,7.46,debit
7592.16,M,26,WA,7.79,debit
1333.39,F,26,VIC,18.83,debit
22312.89,M,38,VIC,25.05,debit
15944.45,M,39,VIC,22.03,debit
21945.91,M,29,NSW,16.89,debit
4235.15,F,27,VIC,8.16,debit
4049.41,M,30,QLD,10.53,debit
9576.47,M,20,NSW,25.93,debit
14849.17,M,24,QLD,17.64,debit
22855.27,F,35,VIC,17.18,debit
2244.44,M,37,QLD,5.67,debit
20655.29,M,23,NSW,18.91,debit
6678.38,F,18,NSW,9.05,debit
11544.78,F,25,WA,148.22,debit
10935.74,M,31,NSW,22.16,debit
6176.43,F,24,SA,28.62,debit
1268.21,F,26,QLD,17.41,debit
6665.89,F,18,NSW,12.49,debit
8039.11,F,20,WA,8.0,debit
205531.29,F,40,VIC,41.28,debit
10927.59,M,31,NSW,8.15,debit
1214.04,F,26,QLD,9.35,debit
4767.58,F,40,QLD,36.51,debit
11234.72,F,30,NSW,7.08,debit
7548.05,M,26,WA,17.63,debit
4678.75,F,40,QLD,7.92,debit
5143.8,F,24,VIC,11.76,debit
8562.74,F,41,VIC,131.73,debit
1201.68,F,26,NSW,7.65,debit
5374.07,F,43,VIC,33.76,debit
117730.45,M,42,VIC,45.03,debit
14294.81,F,34,NSW,13.35,debit
9626.74,F,20,NSW,74.31,debit
5369.9,F,40,QLD,154.96,debit
20859.59,M,29,NSW,1038.32,debit
9592.62,F,20,NSW,34.12,debit
8012.13,F,20,NSW,8.38,debit
15779.81,M,39,SA,32.15,debit
9014.65,F,27,WA,13.27,debit
29455.47,F,50,VIC,24.85,debit
12359.58,M,19,WA,31.86,debit
8988.76,F,27,WA,12.54,debit
6502.39,M,42,SA,26.5,debit
6024.75,F,24,VIC,70.3,debit
6462.89,M,42,NSW,19.5,debit
6986.42,F,18,SA,35.93,debit
12333.25,M,19,WA,11.0,debit
43463.53,M,38,NSW,56.53,debit
12292.01,M,19,WA,19.7,debit
9495.11,F,20,NSW,6.5,debit
7929.28,F,20,WA,6.32,debit
14410.09,M,25,NSW,16.22,debit
22042.05,M,40,NSW,111.37,debit
63368.86,M,19,WA,84.94,debit
13702.68,M,28,NSW,85.77,debit
15615.62,M,39,VIC,17.44,debit
8847.78,F,27,WA,28.96,debit
10819.45,F,20,NSW,18.87,debit
8805.89,F,27,NSW,8.89,debit
21920.49,M,40,NSW,13.99,debit
9651.36,F,24,WA,10.41,debit
17201.88,M,52,VIC,448.97,debit
13581.04,M,31,NSW,66.75,debit
20692.39,M,29,WA,6.11,debit
1934.21,M,37,VIC,17.31,debit
1950.2,F,26,QLD,7.45,debit
1907.38,M,37,NSW,26.83,debit
8741.63,F,27,WA,8.32,debit
10605.96,F,20,NSW,16.49,debit
22213.77,M,38,VIC,37.98,debit
14347.9,M,25,WA,24.01,debit
2263.52,M,38,NSW,7.54,debit
5643.32,M,30,QLD,10.08,debit
205165.49,F,40,VIC,12.23,debit
10555.43,F,20,NSW,21.62,debit
8312.95,F,41,VIC,22.37,debit
20079.87,M,18,QLD,50.08,debit
10534.46,F,20,NSW,20.97,debit
20658.32,M,29,WA,34.07,debit
22301.76,M,43,VIC,11.5,debit
14164.59,F,34,VIC,39.05,debit
1898.77,F,26,QLD,17.43,debit
4713.26,F,24,VIC,13.55,debit
4695.05,F,24,VIC,18.21,debit
29436.89,F,50,WA,8.53,debit
23460.09,F,39,NSW,46.29,debit
9458.11,F,43,SA,27.26,debit
2230.2,M,38,SA,23.93,debit
9283.55,F,43,VIC,12.98,debit
7715.79,M,20,VIC,31.5,debit
5149.76,M,31,NSW,24.44,debit
18452.91,M,39,VIC,46.5,debit
2139.28,M,38,VIC,13.13,debit
2927.13,F,21,NT,8.61,debit
14152.68,F,34,NSW,11.91,debit
4646.49,F,64,NSW,10.32,debit
9241.59,M,20,NSW,43.38,debit
17127.13,F,19,NSW,24.99,debit
4572.32,F,64,NSW,24.23,debit
6842.16,F,43,VIC,50.36,debit
6926.08,M,28,VIC,6.67,debit
44976.07,M,38,NSW,55.95,debit
42618.25,M,21,VIC,24.67,debit
5068.25,M,31,NSW,8.49,debit
7715.69,M,20,VIC,0.1,debit
9832.66,M,20,VIC,4.54,debit
1876.07,M,38,SA,24.17,debit
7655.62,M,20,VIC,21.45,debit
11218.15,F,27,WA,18.23,debit
4627.41,F,24,VIC,6.6,debit
9783.9,M,20,VIC,22.25,debit
9772.35,M,20,VIC,11.55,debit
8973.4,F,43,VIC,17.07,debit
13502.43,M,28,VIC,33.27,debit
47347.88,M,28,NSW,25.49,debit
12251.62,M,21,VIC,20.67,debit
20605.02,M,29,WA,37.22,debit
16920.1,F,19,NSW,47.03,debit
11204.2,M,38,NSW,23.29,debit
10690.27,M,25,NSW,36.06,debit
11665.68,M,24,QLD,14.31,debit
2569.32,M,37,QLD,10.04,debit
1570.5,F,26,QLD,5.24,debit
14225.95,M,25,WA,16.74,debit
11157.47,F,27,WA,5.55,debit
14211.14,M,25,WA,14.81,debit
21003.7,M,35,QLD,24.39,debit
6875.96,M,28,VIC,25.99,debit
8473.61,F,43,VIC,79.7,debit
4992.81,M,31,NSW,20.71,debit
14937.75,M,21,WA,15.95,debit
8334.1,F,43,VIC,74.57,debit
8280.45,F,43,VIC,35.28,debit
9097.72,F,25,NSW,15.64,debit
11080.09,F,27,NSW,14.36,debit
12071.16,M,21,VIC,11.27,debit
4885.44,M,31,NSW,58.99,debit
13861.24,F,34,NSW,21.14,debit
6520.51,F,43,VIC,41.03,debit
24025.96,F,46,NSW,18.8,debit
6487.4,F,43,VIC,33.11,debit
4524.49,F,64,VIC,7.24,debit
8293.86,M,26,WA,22.62,debit
20395.92,F,19,VIC,34.8,debit
8240.22,F,43,VIC,12.55,debit
16835.5,F,19,WA,10.92,debit
1527.08,F,26,QLD,10.04,debit
1520.75,F,26,QLD,6.33,debit
9047.06,F,25,WA,27.29,debit
20329.89,F,19,VIC,66.03,debit
20319.47,F,19,VIC,10.42,debit
20954.58,M,35,WA,49.12,debit
20786.9,F,19,NSW,26.06,debit
21964.78,M,38,VIC,33.42,debit
8151.44,F,43,VIC,25.76,debit
8170.27,F,41,VIC,109.68,debit
11022.68,F,27,WA,18.47,debit
15416.72,F,34,WA,69.74,debit
5253.68,M,30,QLD,6.15,debit
1429.68,F,26,QLD,16.68,debit
10031.28,F,47,WA,21.86,debit
63244.13,M,38,NSW,47.62,debit
13006.35,M,19,WA,3.86,debit
7836.61,F,43,VIC,29.84,debit
7815.55,F,43,VIC,21.06,debit
7791.38,F,43,VIC,24.17,debit
30899.53,F,34,ACT,28.68,debit
2375.47,M,38,NSW,36.23,debit
42475.85,M,21,VIC,11.17,debit
11101.08,M,38,SA,34.74,debit
6820.26,M,28,VIC,20.18,debit
12911.13,F,19,VIC,19.07,debit
2260.81,F,26,QLD,10.74,debit
42342.39,M,21,QLD,31.72,debit
2236.44,F,26,QLD,24.37,debit
2466.43,M,37,QLD,11.22,debit
2321.06,M,38,NSW,19.19,debit
9901.03,F,47,WA,15.91,debit
2194.26,F,26,QLD,25.88,debit
12963.75,M,19,WA,9.9,debit
5540.27,M,31,NSW,70.51,debit
14054.14,F,30,VIC,9.79,debit
